<?xml version="1.0"?>
<Pokemon>
  <name>RATTATA</name>
  <type>NORMAL</type>
  <baseL>30</baseL>
  <baseA>56</baseA>
  <baseD>35</baseD>
  <baseSa>25</baseSa>
  <baseSd>35</baseSd>
  <baseS>72</baseS>
  <moves>
       <move>Ocharge</move>
       <move>SmimiQueue</move>
	   <move>OviveAttaque</move>
	   <move>OcrocDeMort</move>
	   <move>Spuissance</move>
	   <move>Opoursuite</move>
	   <move>OcrocFatal</move>
  </moves>
  <levels>
       <level>0</level>
       <level>0</level>
	   <level>7</level>
	   <level>13</level>
	   <level>20</level>
	   <level>27</level>
	   <level>34</level>
  </levels>
  
</Pokemon>
