<?xml version="1.0"?>
<Pokemon>
  <FirstName>SALAMECHE</FirstName>
  <type>FEU</type>
  <baseL>39</baseL>
  <baseA>52</baseA>
  <baseD>43</baseD>
  <baseSa>60</baseSa>
  <baseSd>50</baseSd>
  <baseS>65</baseS>
  <evolution>18%REPTINCEL</evolution>
  <moves>
       <move>Ogriffe</move>
       <move>Oflammeche</move>
  </moves>
  <levels>
       <level>0</level>
       <level>0</level>
	   <level>7</level>
	   <level>13</level>
	   <level>20</level>
	   <level>27</level>
	   <level>34</level>
  </levels>
</Pokemon>
